feature,mean_abs_shap
google_index,0.11857307182930868
page_rank,0.07638340125984228
nb_hyperlinks,0.05367798562795028
web_traffic,0.053185896761768395
nb_www,0.04602825514965525
phish_hints,0.02460295104562471
domain_age,0.022730254892550646
safe_anchor,0.019853150121819613
ratio_extHyperlinks,0.017138447122148678
ratio_extRedirection,0.014217071017948973
ratio_digits_url,0.013927828630405923
longest_word_path,0.013428251177810992
ratio_intHyperlinks,0.013329434771663677
domain_in_title,0.011686957194107036
links_in_tags,0.011093103800634493
char_repeat,0.01045606757278027
length_hostname,0.010059962543651269
ratio_digits_host,0.009915901931350226
longest_words_raw,0.00928550680366492
length_words_raw,0.008061083047134468
length_url,0.006570318113652269
shortest_word_host,0.0061200434852781704
ip,0.006011811892734117
nb_dots,0.005927162943215624
nb_hyphens,0.0057331609387718425
domain_with_copyright,0.005653403893312655
avg_word_path,0.005577246513868101
nb_slash,0.005431620855104598
shortest_word_path,0.005349712970161557
nb_eq,0.00532463473187356
nb_qm,0.005246143296565462
ratio_extMedia,0.004957183952385233
domain_registration_length,0.004439476883965484
domain_in_brand,0.003322910284841625
ratio_extErrors,0.0031636299009053515
shortest_words_raw,0.00304775679403124
avg_words_raw,0.00300073341888895
nb_subdomains,0.0020986803978017728
avg_word_host,0.0020631146539780124
longest_word_host,0.002012486622338354
shortening_service,0.001873540391011572
ratio_intMedia,0.0017472254845726834
nb_underscore,0.0016176660345094105
prefix_suffix,0.001580916645493368
nb_redirection,0.0013989739898860223
nb_extCSS,0.0012530642924590528
https_token,0.0010188470372070966
nb_and,0.0010090363383093504
empty_title,0.0008260204033874353
external_favicon,0.0007527515480563215
tld_in_subdomain,0.0007300226150932073
dns_record,0.0006685090985078057
nb_space,0.0005985901310688287
suspecious_tld,0.0005843453482066462
nb_com,0.0005669134317971618
statistical_report,0.0005448157739640794
abnormal_subdomain,0.0005290560328925429
nb_percent,0.000513663573887877
nb_at,0.00043680065510455377
random_domain,0.00039816715192685196
http_in_path,0.0003083096414516739
nb_semicolumn,0.0002641227205720767
login_form,0.0002198320745815132
whois_registered_domain,0.00021654167921306844
tld_in_path,0.00021263972969084327
nb_colon,0.00019479526008369486
nb_dslash,9.784684972320361e-05
brand_in_path,9.355744502463838e-05
popup_window,4.279638044098078e-05
port,3.344526663903469e-05
brand_in_subdomain,3.155324360978369e-05
iframe,1.9938625113508027e-05
nb_tilde,1.9311733320526704e-05
right_clic,1.4666753156061079e-05
path_extension,1.4082977091476149e-05
nb_comma,9.356241997811614e-06
nb_external_redirection,8.222595292941474e-06
onmouseover,7.061135975438309e-06
punycode,1.3111801377024369e-06
nb_dollar,1.190109527200234e-06
nb_star,3.5692073080224015e-07
submit_email,0.0
ratio_intRedirection,0.0
ratio_nullHyperlinks,0.0
sfh,0.0
ratio_intErrors,0.0
nb_or,0.0
