rank,tree,logreg,SHAP forest,SHAP semi,SHAP self
1,google_index,longest_words_raw,google_index,google_index,google_index
2,page_rank,page_rank,page_rank,web_traffic,nb_www
3,nb_hyperlinks,phish_hints,nb_hyperlinks,page_rank,domain_age
4,nb_www,google_index,web_traffic,nb_hyperlinks,nb_hyphens
5,nb_qm,avg_word_host,nb_www,nb_www,page_rank
6,web_traffic,nb_hyphens,phish_hints,ratio_extHyperlinks,phish_hints
7,phish_hints,nb_www,domain_age,ratio_extRedirection,prefix_suffix
8,shortest_word_path,length_hostname,safe_anchor,ratio_intHyperlinks,avg_word_path
9,domain_in_brand,nb_semicolumn,ratio_extHyperlinks,char_repeat,shortening_service
10,ratio_extRedirection,nb_hyperlinks,ratio_extRedirection,safe_anchor,domain_in_title
